{
     "_NegotiationData__maxReceivedUtil": 0.95814,
     "_NegotiationData__agreementUtil": 0.95814,
     "_NegotiationData__opponentName": "agents_template_agent_template_agent_TemplateAgent",
     "_NegotiationData__opponentUtil": 0.49905435275160115,
     "_NegotiationData__opponentMaxReject": [
          0.3623877653185591,
          0.36506975464389335,
          0.3635885146816814,
          0.38168399180673496,
          0.3672454913150213,
          0.3705165679443377,
          0.3607958723121583,
          0.3601305608823585,
          0.34676674263705765,
          0.37339266019703293,
          0.3953406823520541,
          0.3866780400599917,
          0.37154494089238194,
          0.3629002798518654,
          0.3714155163609268,
          0.36279821715112226,
          0.35997922673381283,
          0.3531191197132928,
          0.34903303619831305,
          0.344318976928692,
          0.34668420015657214,
          0.34124337042276065,
          0.3378834432016529,
          0.33357573263151014,
          0.32243676197739257,
          0.3200668215452888,
          0.32175640683690304,
          0.32249722019432947,
          0.3212245314861051,
          0.32021326467397554,
          0.344888456105856,
          0.35043024039659215,
          0.3555341044553821,
          0.3709817436384101,
          0.375407493030925,
          0.6860527196226804,
          0.6876563741602632,
          0.0,
          0.0,
          0.0
     ],
     "_NegotiationData__opponentUtilByTime": [
          0.6433543339732912,
          0.6732837246488791,
          0.6995234661355622,
          0.6238839387986769,
          0.669775024264759,
          0.8219787724498144,
          0.8057995903609877,
          0.5817854889201965,
          0.701511523167677,
          0.6320396824872653,
          0.7439124784912908,
          0.6397871393202303,
          0.746702516638171,
          0.6976534378416749,
          0.8087360467669248,
          0.6481673584816893,
          0.8017627116274421,
          0.7367591765703178,
          0.6177319309536602,
          0.7120136145679954,
          0.6255908008520402,
          0.7611042788607966,
          0.673303962715804,
          0.793351787697858,
          0.6505765316003648,
          0.5948334162652086,
          0.6880985176179474,
          0.699191654867664,
          0.5986462085927277,
          0.740540756570224,
          0.531900210489621,
          0.6225500551244078,
          0.6128286537099913,
          0.5898529584839608,
          0.6466091253209242,
          0.6743679153660844,
          0.5148983906064627,
          0.0,
          0.0,
          0.0
     ]
}