{
     "_NegotiationData__maxReceivedUtil": 0.4939064631,
     "_NegotiationData__agreementUtil": 0.4939064631,
     "_NegotiationData__opponentName": "agents_template_agent_template_agent_TemplateAgent",
     "_NegotiationData__opponentUtil": 0.7583458848899283,
     "_NegotiationData__opponentMaxReject": [
          0.7102763978822306,
          0.7229423068837887,
          0.7224820898782996,
          0.7199982206864134,
          0.17799985382849437,
          0.7263794270164136,
          0.7279440929927861,
          0.736239497246762,
          0.7247726207505714,
          0.7389280090530153,
          0.7350340366856969,
          0.21757572487800997,
          0.7385391625273655,
          0.22003196731539854,
          0.7516075668416466,
          0.7474037855937975,
          0.7487614076077403,
          0.7422510099445935,
          0.7436420226219161,
          0.7457667300065576,
          0.7433361443309433,
          0.7418561920204625,
          0.23041944362219116,
          0.23670299501961908,
          0.7449211356595433,
          0.7370298439507333,
          0.7342004947405114,
          0.7387342676469117,
          0.7346648452358092,
          0.732799911702691,
          0.735447160887951,
          0.7375910695287619,
          0.7436072734782756,
          0.7532636195995694,
          0.8489285759180061,
          0.27990256527515966,
          0.7714953679779085,
          0.0,
          0.0,
          0.0
     ],
     "_NegotiationData__opponentUtilByTime": [
          0.5336412656804266,
          0.5409506433898866,
          0.7800545402571102,
          0.7477352514665667,
          0.6146064111260403,
          0.6480214393240502,
          0.7056259445314292,
          0.8118383532748186,
          0.7003403423959954,
          0.702018347310199,
          0.7223517790100669,
          0.6827608354079299,
          0.6583181403477029,
          0.6131362194734564,
          0.7787627781543346,
          0.6511266467488322,
          0.6513124953255661,
          0.7940048817884292,
          0.736791216988514,
          0.6612831118568677,
          0.8458851746194825,
          0.6746329281372588,
          0.8296220790070702,
          0.6316864716664788,
          0.7699127632277568,
          0.8463064849192952,
          0.8276148759853452,
          0.7276364088954855,
          0.7883877121965629,
          0.7011828487239778,
          0.7610519329798868,
          0.6651146303076839,
          0.7815198682618512,
          0.4941027093337806,
          0.5446921463978707,
          0.9566103456090236,
          0.9148079267925711,
          0.0,
          0.0,
          0.0
     ]
}