{
  "num_offers": 116,
  "distance_from_pareto": 0.06205596111484352,
  "agent_1": "LeNegotiator3",
  "utility_1": 0.4659243771,
  "agent_2": "LeNegotiator5",
  "utility_2": 0.8022933268,
  "nash_product": 0.3738080185407767,
  "social_welfare": 1.2682177039,
  "result": "agreement"
}